{
  "project_info": {
    "project_number": "281724202829",
    "project_id": "mad-fc9b2",
    "storage_bucket": "mad-fc9b2.appspot.com"
  },
  "client": [
    {
      "client_info": {
        "mobilesdk_app_id": "1:281724202829:android:ee67e68f2b1c896d159104",
        "android_client_info": {
          "package_name": "com.example.paypal"
        }
      },
      "oauth_client": [
        {
          "client_id": "281724202829-osfd9n69q90j6rl32tb9045o2hufijda.apps.googleusercontent.com",
          "client_type": 3
        }
      ],
      "api_key": [
        {
          "current_key": "AIzaSyAbP-nRGTJDJeZnDGOJFTVmsmSqo4Dc-RA"
        }
      ],
      "services": {
        "appinvite_service": {
          "other_platform_oauth_client": [
            {
              "client_id": "281724202829-osfd9n69q90j6rl32tb9045o2hufijda.apps.googleusercontent.com",
              "client_type": 3
            }
          ]
        }
      }
    }
  ],
  "configuration_version": "1"
}